1,Agustin,Blasco,agustinblasco@gmail.com
2,Carla,Fernandez,carlafernandez@gmail.com
3,Jorge,Perez,jorgeperez@gmail.com
4,Juan,Lopez,juanlopez@gmail.com
5,Pedro,Lopez,pedrolopez@gmail.com
6,Alfredo,Castro,acastro@gmail.com
7,Dora,Mesias,dmesias@mail.com
